<launch>
    <let name="urdf_path" 
        value="$(find-pkg-share my_robot_description)/urdf/my_robot.urdf.xacro" />

    <let name="rviz_config_path" 
        value="$(find-pkg-share my_robot_bringup)/rviz/urdf_config.rviz" />


    <node pkg="robot_state_publisher" exec="robot_state_publisher">
        <param name="robot_description"
         value="$(command 'xacro $(var urdf_path)')" />
    </node>  

    <include file="$(find-pkg-share gazebo_ros)/launch/gazebo.launch.py">
        <arg name="world"
            value="$(find-pkg-share my_robot_bringup)/worlds/test_world.world"/>
    </include>
    
  

    <node pkg="gazebo_ros" exec="spawn_entity.py"
        args="-topic robot_description -entity my_robot"/>


    <!-- <node pkg="joint_state_publisher_gui" exec="joint_state_publisher_gui" /> -->
    <node pkg="rviz2" exec="rviz2" output="screen" />
        <!-- args="-d $(var rviz_config_path)" /> -->


</launch>

<!-- 
    <node pkg="teleop_twist_keyboard" exec="teleop_twist_keyboard" 
          output="screen" args="- -os-args -r /cmd_vel:=/cmd_vel" />
         -->